{
	"Entries": {
		"Sun": "Мой брат такой странный. Иногда мне интересно, родственники ли мы на самом деле..$u",
		"Event_clean3": "Я должна «быть выше этого»? Что это должно означать?$u#$b#Ты думаешь, я веду себя как ребенок?%fork$a",
		"summer_Sun": "Эммет обычно готовит обед ... Но он делает странные вещи, такие как киноа.",
		"summer_Sun6": "#$1 HaleySister#Я немного поговорила с моим братом прошлой ночью. Мне это понравилось но совсем немного.#$e#Знаешь, Эммет на самом деле не такой уж и странный. Я думаю, у нас больше общего, чем я думала.#$e#Только не говори ему, что я так сказала."
	}
}
