{
	"Entries": {
		"Sun": "My brother is so weird. Sometimes I wonder if we're actually related.$u",
		"Event_clean3": "He should take the 'high road'? What's that supposed to mean?$u#$b#You think I'm being a baby, huh?%fork$a",
		"summer_Sun": "Emmett usually cooks dinner... But he makes weird stuff like quinoa.",
		"summer_Sun6": "#$1 HaleySister#I talked to my brother for a while last night. I actually enjoyed it quite a bit.#$e#You know, Emmett's not actually that weird. I guess we have more in common than I used to think.#$e#Don't tell him I said so."
	}
}
