{
  "Robin": "",
  "Demetrius": "",
  "Maru": "",
  "Sebastian": "",
  "Linus": "",
  "Pierre": "",
  "Caroline": "",
  "Abigail": "",
  "Alex": "",
  "George": "",
  "Evelyn": "",
  "Lewis": "",
  "Clint": "",
  "Penny": "",
  "Pam": "",
  "Emily": "",
  "Haley": "",
  "Jas": "",
  "Vincent": "",
  "Jodi": "",
  "Kent": "",
  "Sam": "",
  "Leah": "",
  "Shane": "",
  "Marnie": "",
  "Elliott": "",
  "Gus": "",
  "Dwarf": "",
  "Wizard": "",
  "Harvey": "",
  "Sandy": "",
  "Willy": "",
  "Krobus": ""
}