{
  "Mail:birthdayMom": "",
  "Mail:birthdayDad": "",
  "Mail:birthdayJunimos": "",
  "Mail:birthdayDatingPenny": "",
  "Mail:birthdayDatingMaru": "",
  "Mail:birthdayDatingSebastian": "",
  "Mail:birthdayDatingLeah": "",
  "Mail:birthdayDatingAbigail": "",
  "Mail:birthdayDatingAbigail_Wednesday": "",
  "Mail:birthdayDatingEmily": "",
  "Mail:birthdayDatingHaley": "",
  "Mail:birthdayDatingHarvey": "",
  "Mail:birthdayDatingElliott": "",
  "Mail:birthdayDatingSam": "",
  "Mail:birthdayDatingAlex": "",
  "Mail:birthdayDatingShane": "",
  "Happy Birthday: Star Message": "",
  "Happy Birthday: Farmhand Birthday Message": "",
  "Season": "Season",
  "Date": "Date",
  "BirthdayError_FestivalDay": "",
  "FavoriteGift": "",
  "Event:JunimoBirthdayParty_0": "",
  "Event:JunimoBirthdayParty_1": "",
  "Event:DatingPennyBirthday_Pam:0": "",
  "Event:DatingPennyBirthday_Pam:1": "",
  "Event:DatingPennyBirthday_Pam:2": "",
  "Event:DatingPennyBirthday_Penny:0": "",
  "Event:DatingPennyBirthday_Penny:1": "",
  "Event:DatingPennyBirthday_Penny:2": "",
  "Event:DatingPennyBirthday_Penny:3": "",
  "Event:DatingPennyBirthday_Penny:4": "",
  "Event:DatingPennyBirthday_Finish:0": "",
  "Event:DatingPennyBirthday_Finish:1": "",
  "Event:DatingMaruBirthday_Demetrius:0": "",
  "Event:DatingMaruBirthday_Demetrius:1": "",
  "Event:DatingMaruBirthday_Maru:0": "",
  "Event:DatingMaruBirthday_Maru:1": "",
  "Event:DatingMaruBirthday_Maru:2": "",
  "Event:DatingMaruBirthday_Maru:3": "",
  "Event:DatingMaruBirthday_Robin:0": "",
  "Event:DatingMaruBirthday_Robin:1": "",
  "Event:DatingMaruBirthday_Sebastian:0": "",
  "Event:DatingMaruBirthday_Sebastian:1": "",
  "Event:DatingMaruBirthday_Finish:0": "",
  "Event:DatingMaruBirthday_Finish:1": "",
  "Event:DatingSebastianBirthday_Demetrius:0": "",
  "Event:DatingSebastianBirthday_Demetrius:1": "",
  "Event:DatingSebastianBirthday_Maru:0": "",
  "Event:DatingSebastianBirthday_Maru:1": "",
  "Event:DatingSebastianBirthday_Robin:0": "",
  "Event:DatingSebastianBirthday_Robin:1": "",
  "Event:DatingSebastianBirthday_Robin:2": "",
  "Event:DatingSebastianBirthday_Sebastian:0": "",
  "Event:DatingSebastianBirthday_Sebastian:1": "",
  "Event:DatingSebastianBirthday_Sebastian:2": "",
  "Event:DatingSebastianBirthday_Finish:0": "",
  "Event:DatingSebastianBirthday_Finish:1": "",
  "Event:DatingLeahBirthday_Leah:0": "",
  "Event:DatingLeahBirthday_Leah:1": "",
  "Event:DatingLeahBirthday_Leah:2": "",
  "Event:DatingLeahBirthday_Leah:3": "",
  "Event:DatingLeahBirthday_Leah:4": "",
  "Event:DatingLeahBirthday_Finish:0": "",
  "Event:DatingLeahBirthday_Finish:1": "",
  "Event:DatingAbigailBirthday_Abigail:0": "",
  "Event:DatingAbigailBirthday_Abigail:1": "",
  "Event:DatingAbigailBirthday_Abigail:2": "",
  "Event:DatingAbigailBirthday_Abigail:3": "",
  "Event:DatingAbigailBirthday_Abigail:4": "",
  "Event:DatingAbigailBirthday_Caroline:0": "",
  "Event:DatingAbigailBirthday_Caroline:1": "",
  "Event:DatingAbigailBirthday_Caroline:2": "",
  "Event:DatingAbigailBirthday_Pierre:0": "",
  "Event:DatingAbigailBirthday_Pierre:1": "",
  "Event:DatingAbigailBirthday_Finish:0": "",
  "Event:DatingAbigailBirthday_Finish:1": "",
  "Event:DatingAbigailBirthday_Mine_Abigail:0": "",
  "Event:DatingAbigailBirthday_Mine_Abigail:1": "",
  "Event:DatingAbigailBirthday_Mine_Abigail:2": "",
  "Event:DatingAbigailBirthday_Mine_Abigail:3": "",
  "Event:DatingAbigailBirthday_Mine_Abigail:4": "",
  "Event:DatingAbigailBirthday_Mine_Finish:0": "",
  "Event:DatingAbigailBirthday_Mine_Finish:1": "",
  "Event:DatingEmilyBirthday_Emily:0": "",
  "Event:DatingEmilyBirthday_Emily:1": "",
  "Event:DatingEmilyBirthday_Emily:2": "",
  "Event:DatingEmilyBirthday_Emily:3": "",
  "Event:DatingEmilyBirthday_Emily:4": "",
  "Event:DatingEmilyBirthday_Emily:5": "",
  "Event:DatingEmilyBirthday_Finish:0": "",
  "Event:DatingEmilyBirthday_Finish:1": "",
  "Event:DatingHaleyBirthday_Haley:0": "",
  "Event:DatingHaleyBirthday_Haley:1": "",
  "Event:DatingHaleyBirthday_Haley:2": "",
  "Event:DatingHaleyBirthday_Haley:3": "",
  "Event:DatingHaleyBirthday_Haley:4": "",
  "Event:DatingHaleyBirthday_Finish:0": "",
  "Event:DatingHaleyBirthday_Finish:1": "",
  "Event:DatingHarveyBirthday_Harvey:0": "",
  "Event:DatingHarveyBirthday_Harvey:1": "",
  "Event:DatingHarveyBirthday_Harvey:2": "",
  "Event:DatingHarveyBirthday_Harvey:3": "",
  "Event:DatingHarveyBirthday_Finish:0": "",
  "Event:DatingHarveyBirthday_Finish:1": "",
  "Event:DatingElliottBirthday_Elliott:0": "",
  "Event:DatingElliottBirthday_Elliott:1": "",
  "Event:DatingElliottBirthday_Elliott:2": "",
  "Event:DatingElliottBirthday_Elliott:3": "",
  "Event:DatingElliottBirthday_Elliott:4": "",
  "Event:DatingElliottBirthday_Elliott:5": "",
  "Event:DatingElliottBirthday_Finish:0": "",
  "Event:DatingElliottBirthday_Finish:1": "",
  "Event:DatingSamBirthday_Sam:0": "",
  "Event:DatingSamBirthday_Sam:1": "",
  "Event:DatingSamBirthday_Sam:2": "",
  "Event:DatingSamBirthday_Sam:3": "",
  "Event:DatingSamBirthday_Finish:0": "",
  "Event:DatingSamBirthday_Finish:1": "",
  "Event:DatingAlexBirthday_Alex:0": "",
  "Event:DatingAlexBirthday_Alex:1": "",
  "Event:DatingAlexBirthday_Alex:2": "",
  "Event:DatingAlexBirthday_Alex:3": "",
  "Event:DatingAlexBirthday_Finish:0": "",
  "Event:DatingAlexBirthday_Finish:1": "",
  "Event:DatingShaneBirthday_Shane:0": "",
  "Event:DatingShaneBirthday_Shane:1": "",
  "Event:DatingShaneBirthday_Shane:2": "",
  "Event:DatingShaneBirthday_Shane:3": "",
  "Event:DatingShaneBirthday_Finish:0": "",
  "Event:DatingShaneBirthday_Finish:1": "",
  "Event:PartyOver": ""
}