{
	"Name": "Clothing Catalogue",
	"Price": 0,
	"Description": "Provides unlimited access to every clothing item... from the convenience of your home!",
	"ProvidesLight": false,
	"Recipe": {
		"ResultCount": 1,
		"Ingredients": [
			// 10 wood as most of the cost is from buying the recipe
			{
				"Object": 388,
				"Count": 10,
			}
		],
		// One of these should be true unless you do special stuff like use a mail framework.
		"IsDefault": false,
		"CanPurchase": true,
		"PurchaseFrom": "Robin",
		"PurchasePrice": 50000,
		"PurchaseRequirements": null,
	}
}