{
	"Entries": {
		"Emily": "Привет!^Как дела? Я надеюсь, тебе понравится подарок, который я тебе послал... Увидимся! +   ^   -Эммет %item object 397 1 428 1 440 1 %%[#]Подарок от Эммета",
		"EmilyCooking": "@!^Переверни это письмо, чтобы узнать, как приготовить супер-здоровое блюдо!^Ты будешь чувствовать себя бодрым весь день! До скорого. ^   -Эммет%item cookingRecipe %%[#]Здоровый рецепт Эммета",
		"EmilyClothingTherapy": "@,^У меня есть безумная новая идея, в которую я хочу тебя втянуть... Она называется \"костюмная терапия\".^^Пожалуйста, приходи сегодня к мэру за подробностями.^^ Люблю, Эммет[#]Идея Эммета",
		"EmilyCamping": "@,^Пойдем в поход! ^^ Встретимся в тайном лесу в 22:00.^^ Люблю, Эммет[#]Приглашение от Эммета",
		"EmilyDoneCamping": "Спасибо, что пришёл ко мне прошлой ночью... Я прекрасно провел время.^На самом деле я рад, что тот медведь на нас наткнулся!^^Скоро увидимся.^^  Люблю, Эммет[#]Записка от Эммета",
		"winter_6_1": "У меня необычная просьба. Не мог бы ты сохранить это в секрете?^ Я хочу, чтобы ты доставил аметист Эммету. Это его любимый камень. Скажи ему, что это от меня.^   -Клинт %item quest 110 %%[#]Попытка Клинта",
		"spring_6_2": "@-^Я хочу свежего абрикоса. Но я не смог найти его в магазине, поэтому прошу у тебя. Я хорошо тебе заплачу за это!^   -Эммет%item quest 115 %%[#]Свежие фрукты для Эммета"	
	}
}
