﻿{
  "Format": "1.11.0",
  "ConfigSchema": {
    "Witch had a Warlock Husband": {
        "AllowValues": "Yes, No",
        "Default": "Yes"
        },
    "Pretty Witch": {
	"AllowValues": "Yes, No",
        "Default": "No"
	}		
    }, 
  "Changes": [
  	{
          "Action": "Load",
          "Target": "Portraits/Wizard",
          "FromFile": "assets/Witch_Portrait.png"
       },		
	{
          "Action": "Load",
          "Target": "Characters/Wizard",
          "FromFile": "assets/Witch_Sprite.png"	
		},
    {
          "Action": "EditImage",
          "Target": "LooseSprites/Cursors",
          "FromFile": "assets/Witch_Teleport.png",
		  "ToArea": { "X": 387, "Y": 1965, "Width": 16, "Height": 31 },
		},
    {
			"Action": "EditImage",
			"Target": "LooseSprites/Cursors",
			"FromFile": "assets/Cursors_Warlock.png",
			"ToArea": { "X": 277, "Y": 1886, "Width": 34, "Height": 57 },
			"When": { "Witch had a Warlock Husband": "Yes" }
		},
   {
			"Action": "EditImage",
			"Target": "LooseSprites/Cursors",
			"FromFile": "assets/Cursors_Witch.png",
			"ToArea": { "X": 277, "Y": 1886, "Width": 34, "Height": 57 },
			"When": { "Pretty Witch": "Yes" }
		},		  		  
    {
          "Action": "EditData",
          "Target": "Data/mail",
          "Entries": {
             "Wizard": "Greetings, young adept.^I have enclosed in this package an item of arcane significance. Use it wisely.   ^   -M. Rasmodia, Witch%item object 422 1 82 1 84 1 70 1 %%",
             "wizardJunimoNote": "My sources tell me you've been poking around inside the old community center.^Why don't you pay me a visit?^My chambers are west of the forest lake, in the stone tower. I may have information concerning your... 'rat problem'.^   -M. Rasmodia, Witch %item quest 1 true %%",
             "winter_12_1": "@-^I am resarching the forgotten art of shadow divination. I require an item known as 'Void Essence'. Bring it to me and you will be rewarded.^ -M. Rasmodia, Witch %item quest 111 %%",
			 "winter_5_2": "@,^I'm creating an enchanted staff of phenomenal power.^However, I'm missing something: an Iridium Bar.^I'm willing to pay 5x the market value for it. Bring it as soon as you can.^ -M. Rasmodia, Witch %item quest 123 %%"	 
			 }
       },
	{
          "Action": "EditData",
          "Target": "Data/fall27",
          "Entries": {
             "Lewis": "Good evening, @. Have you ventured into the haunted maze yet? It's quite spooky.#$e#That strange woman who lives in the tower set it all up herelf. She wouldn't let anyone near while she was working on it.",	 
			 }
       },
	{
          "Action": "EditData",
          "Target": "Data/Quests",
          "Entries": {
		     "1": "Location/Meet The Witch/You received a letter from the local witch. She claims to have information regarding the old community center./Enter the witch's tower./WizardHouse/-1/0/-1/false", 
			 "28": "Basic/Dark Talisman/The Witch asked me to retrieve the magic ink from her ex-wife's house... but to gain access I'll need a dark talisman./Enter the sewer and ask Krobus about the dark talisman./-1/-1/0/-1/false",
			 "111": "ItemDelivery/A Dark Reagent/The Witch wants you to descend into the mines and fetch her a Void Essence. She needs it for some kind of dark magic./Bring Witch a Void Essence./Wizard 769/-1/1000/-1/true/Ah, you've brought it. You've earned my gratitude, and a 1000g reward. Now go.",
			 "123": "ItemDelivery/Staff Of Power/The Witch is creating a staff of phenomenal power. Who knows what it's for. She needs an iridium bar to finish it./Bring Witch an Iridium Bar./Wizard 337/-1/5000/-1/true/Ah, precious iridium. You've done well, @. You have my gratitude. Now, leave."
			 },
		  "When": { "Witch had a Warlock Husband": "No" }	
		},
	
	{
          "Action": "EditData",
          "Target": "Data/Quests",
          "Entries": {
		     "1": "Location/Meet The Witch/You received a letter from the local witch. She claims to have information regarding the old community center./Enter the witch's tower./WizardHouse/-1/0/-1/false", 
			 "27": "Basic/Goblin Problem/There's a goblin blocking the path to the Warlock's hut. There must be some way to get him to move... Perhaps I should seek out more information on Goblins./Gain entrance to the Warlock's hut./-1/-1/0/-1/true",
			 "28": "Basic/Dark Talisman/The Witch asked me to retrieve the magic ink from her ex-husband's house... but to gain access I'll need a dark talisman./Enter the sewer and ask Krobus about the dark talisman./-1/-1/0/-1/false",
			 "111": "ItemDelivery/A Dark Reagent/The Witch wants you to descend into the mines and fetch her a Void Essence. She needs it for some kind of dark magic./Bring Witch a Void Essence./Wizard 769/-1/1000/-1/true/Ah, you've brought it. You've earned my gratitude, and a 1000g reward. Now go.",
			 "123": "ItemDelivery/Staff Of Power/The Witch is creating a staff of phenomenal power. Who knows what it's for. She needs an iridium bar to finish it./Bring Witch an Iridium Bar./Wizard 337/-1/5000/-1/true/Ah, precious iridium. You've done well, @. You have my gratitude. Now, leave."
			 },
		  "When": { "Witch had a Warlock Husband": "Yes" }			 
		},
		
	{
		  "Action": "EditData",
		  "Target": "Data/NPCDispositions",
		  "Entries": {
			 "Wizard": "adult/rude/neutral/negative/female/not-datable/null/Other/winter 17//WizardHouse 3 17/Witch"
			}
		},
	{
		  "Action": "EditData",
		  "Target": "Data/Events/Railroad",
		  "Entries": {
		     "529952/C": "WizardSong/54 36/Wizard 54 36 0 farmer 50 40 1/addQuest 28/skippable/move farmer 1 0 0/move farmer 0 -4 1/faceDirection Wizard 3 true/move farmer 1 0 1/pause 800/faceDirection Wizard 0/pause 600/emote Wizard 40/pause 500/speak Wizard \"Ah... @. I've been waiting for you.\"/pause 800/faceDirection Wizard 3/pause 400/faceDirection Wizard 0/pause 400/speak Wizard \"Have I ever told you I used to be married?\"/pause 800/faceDirection Wizard 3 true/pause 50/faceDirection Wizard 2/pause 800/showFrame Wizard 18/pause 800/speak Wizard \"Strange, I know... for a woman like me. But it's true.\"/pause 500/showFrame Wizard 0/pause 800/faceDirection Wizard 3/speak Wizard \"My wife and I were together for many years, until... until I made a mistake that drove her away.\"/pause 400/faceDirection Wizard 0/speak Wizard \"Her anger and envy were so intense that she turned green and began flying around the countryside, cursing everything in her path...\"/pause 1000/speak Wizard \"When I found out, I sealed this passage to her home... fearing that an innocent villager might fall prey to her dark magic.\"/move Wizard -1 0 3/speak Wizard \"But now, it must be unsealed... for when we separated, she took my magic ink!#$b#I need that magic ink back!$h#$b#I would do this myself, but I... I can't see her again. That's why I need your help.\"/move Wizard 1 0 0/speak Wizard \"In order to unseal this passage, you'll need a dark talisman. Talk to Krobus, in the sewer... he should know where to find one.\"/pause 500/faceDirection Wizard 3/speak Wizard \"I'm counting on you... if you can retreive my magic ink I promise I'll make it worth your while... Now go!\"/pause 500/faceDirection Wizard 2/pause 500/showFrame Wizard 16/pause 500/playSound wand/warp Wizard -3000 -3000/specificTemporarySprite wizardWarp2/faceDirection farmer 2 true/showFrame farmer 94/pause 3000/showFrame farmer 0/specificTemporarySprite witchFlyby/pause 4000/end"
			},
		  "When": { "Witch had a Warlock Husband": "No" }	
		},
	{
		  "Action": "EditData",
		  "Target": "Data/Events/Railroad",
		  "Entries": {
		     "529952/C": "WizardSong/54 36/Wizard 54 36 0 farmer 50 40 1/addQuest 28/skippable/move farmer 1 0 0/move farmer 0 -4 1/faceDirection Wizard 3 true/move farmer 1 0 1/pause 800/faceDirection Wizard 0/pause 600/emote Wizard 40/pause 500/speak Wizard \"Ah... @. I've been waiting for you.\"/pause 800/faceDirection Wizard 3/pause 400/faceDirection Wizard 0/pause 400/speak Wizard \"Have I ever told you I used to be married?\"/pause 800/faceDirection Wizard 3 true/pause 50/faceDirection Wizard 2/pause 800/showFrame Wizard 18/pause 800/speak Wizard \"Strange, I know... for a woman like me. But it's true.\"/pause 500/showFrame Wizard 0/pause 800/faceDirection Wizard 3/speak Wizard \"My husband and I were together for many years, until... until I made a mistake that drove him away.\"/pause 400/faceDirection Wizard 0/speak Wizard \"His anger and envy were so intense that he turned green and began flying around the countryside, cursing everything in his path...\"/pause 1000/speak Wizard \"When I found out, I sealed this passage to his home... fearing that an innocent villager might fall prey to his dark magic.\"/move Wizard -1 0 3/speak Wizard \"But now, it must be unsealed... for when we separated, he took my magic ink!#$b#I need that magic ink back!$h#$b#I would do this myself, but I... I can't see him again. That's why I need your help.\"/move Wizard 1 0 0/speak Wizard \"In order to unseal this passage, you'll need a dark talisman. Talk to Krobus, in the sewer... he should know where to find one.\"/pause 500/faceDirection Wizard 3/speak Wizard \"I'm counting on you... if you can retreive my magic ink I promise I'll make it worth your while... Now go!\"/pause 500/faceDirection Wizard 2/pause 500/showFrame Wizard 16/pause 500/playSound wand/warp Wizard -3000 -3000/specificTemporarySprite wizardWarp2/faceDirection farmer 2 true/showFrame farmer 94/pause 3000/showFrame farmer 0/specificTemporarySprite witchFlyby/pause 4000/end"
			},
		  "When": { "Witch had a Warlock Husband": "Yes" }			 
		},			
	{
		  "Action": "EditData",
		  "Target": "Data/Events/WizardHouse",
		  "Entries": {
		     "112/n seenJunimoNote": "WizardSong/-1000 -1000/farmer 8 24 0 Wizard 10 15 2 Junimo -2000 -2000 2/skippable/addConversationTopic cc_Begin/showFrame Wizard 20/viewport 8 18 true/move farmer 0 -3 0/pause 2000/speak Wizard \"Ah... Come in.\"/pause 800/animate Wizard false false 100 20 21 22 0/playSound dwop/pause 1000/stopAnimation Wizard/move Wizard -2 0 3 false/move Wizard 0 2 2/pause 1500/speak Wizard \"I am Rasmodia... Seeker of the arcane truths.#$b#Mediary between physical and ethereal.#$b#Master of the seven elementals.#$b#Keeper of the sacred cha-... you get the point.\"/pause 1000/move Wizard 0 1 2/speak Wizard \"And you... @. The one whose arrival I have long foreseen.\"/pause 1500/speak Wizard \"Here, I'd like to show you something.\"/pause 500/faceDirection Wizard 1/playMusic none/pause 800/speak Wizard \"Behold!\"/playMusic clubloop/pause 1000/showFrame Wizard 19/playSound wand/screenFlash .8/warp Junimo 10 17/specificTemporarySprite junimoCage/pause 3000/shake Junimo 800/playSound junimoMeep1/pause 1000/shake Junimo 800/playSound junimoMeep1/pause 1000/faceDirection Wizard 1 true/showFrame Wizard 4/pause 2000/shake Junimo 800/playSound junimoMeep1/pause 1000/speak Wizard \"You've seen one before, haven't you?\"/move Wizard 0 -1 1/pause 1000/shake Junimo 800/playSound junimoMeep1/pause 1000/speak Wizard \"They call themselves the 'Junimos'...#$b#Mysterious spirits, these ones... For some reason, they refuse to speak with me.\"/pause 1000/playSound dwop/faceDirection Wizard 2 true/showFrame Wizard 16/pause 500/playSound wand/screenFlash .8/warp Junimo -3000 -3000/specificTemporarySprite junimoCageGone/playMusic WizardSong/pause 1000/showFrame Wizard 0/pause 500/speak Wizard \"I'm not sure why they've moved into the community center, but you have no reason to fear them.\"/pause 1000/move farmer 0 -1 0/emote farmer 48/pause 1000/speak Wizard \"Hmmm? You found a golden scroll written in an unknown language?#$b#Most interesting...\"/move Wizard 0 1 2/speak Wizard \"Stay here. I'm going to see for myself. I'll return shortly.\"/pause 1000/playSound shwip/faceDirection Wizard 3 true/pause 50/faceDirection Wizard 0 true/pause 50/faceDirection Wizard 1 true/pause 50/faceDirection Wizard 2 true/pause 50/showFrame Wizard 16/pause 500/playSound wand/warp Wizard -3000 -3000/specificTemporarySprite wizardWarp/pause 2000/faceDirection farmer 1/faceDirection farmer 3/faceDirection farmer 0/pause 2000/playSound dwop/faceDirection Wizard 0 true/faceDirection farmer 1 true/pause 50/faceDirection farmer 2/pause 1500/playSound doorClose/warp Wizard 8 24/faceDirection farmer 2 true/showFrame farmer 94/startJittering/move Wizard 0 -1 0/stopJittering/showFrame farmer 0/move Wizard 0 -2 0/speak Wizard \"I found the note...\"/move Wizard -2 0 3/pause 800/speak Wizard \"The language is obscure, but I was able to decipher it:\"/pause 1000/message \"We, the Junimo, are happy to aid you. In return, we ask for gifts of the valley. If you are one with the forest then you will see the true nature of this scroll.\"/pause 500/move Wizard 0 -2 3/faceDirection farmer 3 true/move Wizard -3 0 2/pause 1000/showFrame Wizard 18/emote Wizard 40/speak Wizard \"Hmm... 'One with the forest'... What do they mean?\"/pause 1000/speak Wizard \"...*sniff*...*sniff*...\"/pause 1500/showFrame Wizard 0/jump Wizard/pause 800/speak Wizard \"Ah-hah!$h\"/pause 800/faceDirection Wizard 1/speak Wizard \"Come here!$h\"/pause 500/move farmer -2 0 0/move farmer 0 -1 3/move farmer -2 0 3/move Wizard -1 0 2/move farmer -1 0 2/pause 500/speak Wizard \"My cauldron is bubbling with ingredients from the forest.$h#$b#Baby fern, moss grub, caramel-top toadstool... Can you smell it?$h\"/pause 500/showFrame Wizard 18/showFrame 96/pause 1000/speak Wizard \"Here. Drink up. Let the essence of the forest permeate your body.$h\"/pause 800/emote farmer 28/showFrame Wizard 19/pause 800/showFrame farmer 90/pause 1000/farmerEat 184/pause 4000/playSound gulp/animate farmer false true 350 104 105/pause 4000/specificTemporarySprite farmerForestVision/pause 7000/pause 19500/globalFade .008/specificTemporarySprite junimoCageGone2/viewport -1000 -1000/playMusic none/pause 2000/playSound reward/pause 300/message \"You've gained the power of forest magic! Now you can decipher the true meaning of the junimo scrolls.\"/end warpOut",
             "418172/n hasPickedUpMagicInk": "WizardSong/2 14/farmer 3 14 3 Wizard 1 14 1/skippable/pause 1000/speak Wizard \"You've found my ink! Excellent.\"/move Wizard 1 0 1/pause 1000/speak Wizard \"Er...\"/faceDirection Wizard 2/pause 500/showFrame Wizard 18/pause 500/speak Wizard \"Did you... happen to see my ex-wife?#$b#No? Well, what about her house...?#$b#Do you think she lives alone? Or...$h\"/pause 500/showFrame Wizard 0/emote Wizard 12/pause 500/faceDirection Wizard 3/pause 500/speak Wizard \"...Actually, don't tell me... I don't want to know.\"/pause 500/pause 500/faceDirection Wizard 2/pause 500/speak Wizard \"Anyway... you must be wondering about your reward. Here...\"/move Wizard -1 0 1/pause 800/faceDirection Wizard 2/pause 1000/showFrame Wizard 16/pause 800/specificTemporarySprite arcaneBook/playSound fireball/shake Wizard 500/pause 4000/faceDirection farmer 0/faceDirection Wizard 1/faceDirection Wizard 0/pause 500/speak Wizard \"It's a book of summoning.#$b#The arcane potential is immense... but I'll make it simple for you.#$b#By using this book, you can summon magic buildings directly to your farm.#$b#I think you'll find it useful.\"/pause 500/faceDirection farmer 3/faceDirection Wizard 1/speak Wizard \"Oh, I almost forgot to say... ahem... Thank you.\"/pause 1000/emote farmer 32/pause 800/end"
			},
		  "When": { "Witch had a Warlock Husband": "No" }	
		},
	{
		  "Action": "EditData",
		  "Target": "Data/Events/WizardHouse",
		  "Entries": {
		     "112/n seenJunimoNote": "WizardSong/-1000 -1000/farmer 8 24 0 Wizard 10 15 2 Junimo -2000 -2000 2/skippable/addConversationTopic cc_Begin/showFrame Wizard 20/viewport 8 18 true/move farmer 0 -3 0/pause 2000/speak Wizard \"Ah... Come in.\"/pause 800/animate Wizard false false 100 20 21 22 0/playSound dwop/pause 1000/stopAnimation Wizard/move Wizard -2 0 3 false/move Wizard 0 2 2/pause 1500/speak Wizard \"I am Rasmodia... Seeker of the arcane truths.#$b#Mediary between physical and ethereal.#$b#Master of the seven elementals.#$b#Keeper of the sacred cha-... you get the point.\"/pause 1000/move Wizard 0 1 2/speak Wizard \"And you... @. The one whose arrival I have long foreseen.\"/pause 1500/speak Wizard \"Here, I'd like to show you something.\"/pause 500/faceDirection Wizard 1/playMusic none/pause 800/speak Wizard \"Behold!\"/playMusic clubloop/pause 1000/showFrame Wizard 19/playSound wand/screenFlash .8/warp Junimo 10 17/specificTemporarySprite junimoCage/pause 3000/shake Junimo 800/playSound junimoMeep1/pause 1000/shake Junimo 800/playSound junimoMeep1/pause 1000/faceDirection Wizard 1 true/showFrame Wizard 4/pause 2000/shake Junimo 800/playSound junimoMeep1/pause 1000/speak Wizard \"You've seen one before, haven't you?\"/move Wizard 0 -1 1/pause 1000/shake Junimo 800/playSound junimoMeep1/pause 1000/speak Wizard \"They call themselves the 'Junimos'...#$b#Mysterious spirits, these ones... For some reason, they refuse to speak with me.\"/pause 1000/playSound dwop/faceDirection Wizard 2 true/showFrame Wizard 16/pause 500/playSound wand/screenFlash .8/warp Junimo -3000 -3000/specificTemporarySprite junimoCageGone/playMusic WizardSong/pause 1000/showFrame Wizard 0/pause 500/speak Wizard \"I'm not sure why they've moved into the community center, but you have no reason to fear them.\"/pause 1000/move farmer 0 -1 0/emote farmer 48/pause 1000/speak Wizard \"Hmmm? You found a golden scroll written in an unknown language?#$b#Most interesting...\"/move Wizard 0 1 2/speak Wizard \"Stay here. I'm going to see for myself. I'll return shortly.\"/pause 1000/playSound shwip/faceDirection Wizard 3 true/pause 50/faceDirection Wizard 0 true/pause 50/faceDirection Wizard 1 true/pause 50/faceDirection Wizard 2 true/pause 50/showFrame Wizard 16/pause 500/playSound wand/warp Wizard -3000 -3000/specificTemporarySprite wizardWarp/pause 2000/faceDirection farmer 1/faceDirection farmer 3/faceDirection farmer 0/pause 2000/playSound dwop/faceDirection Wizard 0 true/faceDirection farmer 1 true/pause 50/faceDirection farmer 2/pause 1500/playSound doorClose/warp Wizard 8 24/faceDirection farmer 2 true/showFrame farmer 94/startJittering/move Wizard 0 -1 0/stopJittering/showFrame farmer 0/move Wizard 0 -2 0/speak Wizard \"I found the note...\"/move Wizard -2 0 3/pause 800/speak Wizard \"The language is obscure, but I was able to decipher it:\"/pause 1000/message \"We, the Junimo, are happy to aid you. In return, we ask for gifts of the valley. If you are one with the forest then you will see the true nature of this scroll.\"/pause 500/move Wizard 0 -2 3/faceDirection farmer 3 true/move Wizard -3 0 2/pause 1000/showFrame Wizard 18/emote Wizard 40/speak Wizard \"Hmm... 'One with the forest'... What do they mean?\"/pause 1000/speak Wizard \"...*sniff*...*sniff*...\"/pause 1500/showFrame Wizard 0/jump Wizard/pause 800/speak Wizard \"Ah-hah!$h\"/pause 800/faceDirection Wizard 1/speak Wizard \"Come here!$h\"/pause 500/move farmer -2 0 0/move farmer 0 -1 3/move farmer -2 0 3/move Wizard -1 0 2/move farmer -1 0 2/pause 500/speak Wizard \"My cauldron is bubbling with ingredients from the forest.$h#$b#Baby fern, moss grub, caramel-top toadstool... Can you smell it?$h\"/pause 500/showFrame Wizard 18/showFrame 96/pause 1000/speak Wizard \"Here. Drink up. Let the essence of the forest permeate your body.$h\"/pause 800/emote farmer 28/showFrame Wizard 19/pause 800/showFrame farmer 90/pause 1000/farmerEat 184/pause 4000/playSound gulp/animate farmer false true 350 104 105/pause 4000/specificTemporarySprite farmerForestVision/pause 7000/pause 19500/globalFade .008/specificTemporarySprite junimoCageGone2/viewport -1000 -1000/playMusic none/pause 2000/playSound reward/pause 300/message \"You've gained the power of forest magic! Now you can decipher the true meaning of the junimo scrolls.\"/end warpOut",
             "418172/n hasPickedUpMagicInk": "WizardSong/2 14/farmer 3 14 3 Wizard 1 14 1/skippable/pause 1000/speak Wizard \"You've found my ink! Excellent.\"/move Wizard 1 0 1/pause 1000/speak Wizard \"Er...\"/faceDirection Wizard 2/pause 500/showFrame Wizard 18/pause 500/speak Wizard \"Did you... happen to see my ex-husband?#$b#No? Well, what about his house...?#$b#Do you think he lives alone? Or...$h\"/pause 500/showFrame Wizard 0/emote Wizard 12/pause 500/faceDirection Wizard 3/pause 500/speak Wizard \"...Actually, don't tell me... I don't want to know.\"/pause 500/pause 500/faceDirection Wizard 2/pause 500/speak Wizard \"Anyway... you must be wondering about your reward. Here...\"/move Wizard -1 0 1/pause 800/faceDirection Wizard 2/pause 1000/showFrame Wizard 16/pause 800/specificTemporarySprite arcaneBook/playSound fireball/shake Wizard 500/pause 4000/faceDirection farmer 0/faceDirection Wizard 1/faceDirection Wizard 0/pause 500/speak Wizard \"It's a book of summoning.#$b#The arcane potential is immense... but I'll make it simple for you.#$b#By using this book, you can summon magic buildings directly to your farm.#$b#I think you'll find it useful.\"/pause 500/faceDirection farmer 3/faceDirection Wizard 1/speak Wizard \"Oh, I almost forgot to say... ahem... Thank you.\"/pause 1000/emote farmer 32/pause 800/end"
			},
		  "When": { "Witch had a Warlock Husband": "Yes" }			 			
		},			
	{
		  "Action": "EditData",
		  "Target": "Strings/Objects",
		  "Entries": {
		     "MagicInkDescription": "You've found the Witch's lost {0}! Better return it to her."
			}
		},	
	{
		  "Action": "EditData",
		  "Target": "Strings/StringsFromCSFiles",
		  "Entries": {
		     "MapPage.cs.11067": "Witch's Tower",
		     "ItemDeliveryQuest.cs.13546": "I require {0} for potion-making. Please deliver directly to my study.     -M. Rasmodia, Witch",
             "ItemDeliveryQuest.cs.13548": "The Witch, M. Rasmodia, wishes to study the arcane properties of the {0}. You will be rewarded.",
			 "ItemDeliveryQuest.cs.13551": "Need {0} for experiment.    -M. Rasmodia, Witch",
			 "ItemDeliveryQuest.cs.13553": "Local witch in search of a fresh {0}.",
			 "SlayMonsterQuest.cs.13752": "The monsters known as {0} are throwing the elemental balance into disarray. I would like an adventurer to enter the mines and slay {1} of these {2}.  -M. Rasmodia, Witch"
			}
		},	
	{
		  "Action": "EditData",
		  "Target": "Characters/Dialogue/Caroline",
		  "Entries": {
		     "Mon8": "#$1 Caroline23#When we first moved to Pelican Town I would take secret walks to the Witch's tower. Don't tell Pierre, he has jealousy issues.#$e#Abigail was born about a year after we moved to Pelican Town. I wonder if she'll ever experience life outside the valley?"
			}
		},	
	{
		  "Action": "EditData",
		  "Target": "Characters/Dialogue/Wizard",
		  "Entries": {
		     "Thu10": "You musn't tell anyone... but I have reason to believe that one of the locals is actually my daughter...#$e#Magic can sometimes do the impossible, though...#$e#I could be mistaken... It's rare, but it does happen."
			}
		},
	{
		  "Action": "EditData",
		  "Target": "Strings/StringsFromMaps",
		  "Entries": {
            "WitchHut.5": "Curse The Countryside!... A Spellbook For The Rural Warlock",		  
			},
		  "When": { "Witch had a Warlock Husband": "Yes" }			 
		},				 
	]
}	