{
	"Fields": {
		"101/f Clint 1500/e 97/k 2123243/k 2123343/o Emily/t 900 1830/a 0 90": {
			"17": "speak Clint \"Я планировал пригласить Эммета на свидание. Я был у его порога... но потом я услышал что он идёт и нырнул в этот куст.$s#$b#Теперь я жду, пока он закончит разговаривать с Кэролайн, чтобы я мог пробраться обратно в мой дом.$s\"",
			"24": "speak Clint \"Что ты только что сказал? Ты никогда больше не будешь обновлять у меня свои инструменты, если я не спрошу его?$s\"",
			"34": "speak Clint \"Эм... Эммет?\""
		},
		"831125/f Shane 1750/f Clint 500/f Emily 500/t 1000 1600/w sunny": {
			"24": "speak Clint \"Трудно вспомнить мои строки, когда его лицо вот так прямо передо мной...$s\"",
			"40": "speak Shane \"Привет! Я хочу, чтобы ты был в этом кадре... хорошо?#$b#Просто проходите мимо Клинта и Эмметта на заднем плане, пока они разговаривают... Это придаст сцене немного реалисичности.\""
		},			
	}
}
